user_id,product_id,recommendation_text
A1XKHAW6JX686J,B001E4KFG0,Highly recommended for active dogs.
A1XKHAW6JX686J,B001E4KFG1,Perfect for cats with sensitive stomachs.
A1XKHAW6JX686J,B001E4KFG2,Great for all types of birds!
A1XKHAW6JX686J,B001E4KFG3,Healthy and nutritious rabbit food.
A1XKHAW6JX686J,B001E4KFG4,Enhances fish growth effectively.
A1XKHAW6JX686J,B001E4KFG5,Soft and comfortable bedding for pets.
A1XKHAW6JX686J,B001E4KFG6,Stylish and durable cat collars.
A1XKHAW6JX686J,B001E4KFG7,Automatic feeder for busy pet owners.
A1XKHAW6JX686J,B001E4KFG8,Convenient grooming kits for pets.
A1XKHAW6JX686J,B001E4KFG9,Perfect travel kit for your pets.
A1XKHAW6JX686J,B001E4KFG10,High-quality chew toys for dogs.
A1XKHAW6JX686J,B001E4KFG11,Interactive and fun toys for cats.
A1XKHAW6JX686J,B001E4KFG12,Spacious cages for parrots.
A1XKHAW6JX686J,B001E4KFG13,Nutrient-rich food for exotic birds.
A1XKHAW6JX686J,B001E4KFG14,Comfortable dog raincoats.
A1XKHAW6JX686J,B001E4KFG15,Premium nail clippers for pets.
A1XKHAW6JX686J,B001E4KFG16,Exercise wheels for small pets.
A1XKHAW6JX686J,B001E4KFG17,High-quality pet training pads.
A1XKHAW6JX686J,B001E4KFG18,Essential first-aid kits for pets.
A1XKHAW6JX686J,B001E4KFG19,Durable and lightweight carriers.
A1XKHAW6JX686J,B001E4KFG20,Efficient pet hair removers.
A1XKHAW6JX686J,B001E4KFG21,Compact pet travel bags.
A1XKHAW6JX686J,B001E4KFG22,High-protein treats for dogs.
A1XKHAW6JX686J,B001E4KFG23,Organic treats for cats.
A1XKHAW6JX686J,B001E4KFG24,Interactive bird toys.
A1XKHAW6JX686J,B001E4KFG25,Convenient pet food storage containers.
A1XKHAW6JX686J,B001E4KFG26,Soft and cozy pet blankets.
A1XKHAW6JX686J,B001E4KFG27,Durable chew-proof water bottles.
A1XKHAW6JX686J,B001E4KFG28,Stylish and lightweight pet beds.
